Method,Mean Error (°),Median Error (°),Max Error (°),Data Points
Ellipsoid Only,,,,0
GPS (No Kalman),88.58348756710993,89.08405981450579,179.86328670748185,851
GPS with Kalman,88.58348756711354,89.08405981449002,179.86328670754375,851
GPS+RPM with Kalman,88.58348756711354,89.08405981449002,179.86328670754375,851
